valerian,4
root,4
zero,7
author,0
feeling,0
happy,0
one,7
two,7
twitter,3
pic,7
com,7
sleep,6
five,7
three,7
four,7
tea,4
six,7
nine,7
seven,7
melatonin,4
eight,7
natural,5
like,1
herb,5
natures,2
get,5
capsules,2
herbs,2
chamomile,4
calm,6
try,5
extract,2
new,0
way,2
herbal,5
help,5
good,0
luc,2
aid,5
take,1
bath,5
relax,6
time,0
insomnia,6
night,0
need,0
hops,4
essential,2
sleeping,1
oils,5
flower,2
hop,2
salts,2
relaxation,5
via,7
bessons,0
caps,2
love,0
scifi,2
know,1
tried,6
pills,4
anxiety,6
swanson,7
works,1
today,0
also,4
organic,2
steel,0
well,5
pharm,2
pack,2
besson,2
work,1
day,0
got,1
would,1
really,1
health,2
great,5
helps,5
used,5
foods,2
bed,1
think,1
valeriana,2
easy,2
passion,4
make,1
tablets,2
herbals,2
better,0
authorauthor,0
planetary,2
may,6
lavender,4
supplement,5
pride,4
going,0
officinalis,2
best,0
puritans,4
see,0
last,0
sad,1
valerians,0
took,4
back,0
taking,1
tabs,2
use,6
cara,2
cannot,0
smells,1
want,0
tincture,2
joins,6
delevingne,0
stress,6
much,0
film,0
movie,0
still,1
ounce,2
seeds,2
cat,1
liquid,2
chew,5
tonight,4
deep,5
made,1
exercise,2
answer,2
lemon,4
thanks,0
drink,4
rihanna,2
cats,1
premier,2
epic,2
next,0
red,4
healthy,5
hot,4
people,6
supplements,5
school,0
stats,7
super,2
could,6
white,2
hope,0
ever,0
balm,4
little,0
roman,2
first,0
catnip,4
nights,5
even,1
sleepy,4
feel,1
never,0
sundown,2
naturals,2
check,6
buy,2
right,0
maybe,4
smell,1
essentials,2
find,5
kids,2
something,1
combo,4
lol,1
dreams,1
star,1
stuff,1
city,2
laureline,2
free,0
effects,6
life,0
kava,4
makes,1
asleep,6
bad,1
give,1
might,4
remedy,5
morning,0
followers,7
drops,4
oil,2
hawke,6
read,0
side,2
yes,0
coin,2
please,0
owen,6
news,6
dried,2
look,1
wayward,0
called,6
wizards,0
set,4
high,1
getting,1
sure,0
thousand,2
benefits,5
remedies,5
always,0
video,3
follow,0
formula,5
cup,4
thing,1
garden,2
count,2
comic,2
cut,1
found,5
plus,4
premium,4
big,0
though,1
gonna,1
prepare,4
week,0
support,5
shit,1
planets,0
heard,6
put,1
hours,1
raw,2
coffee,2
thank,0
blend,5
fall,1
nice,0
calming,5
long,0
dont,0
valerianauthor,1
yeah,0
whole,2
since,0
trying,4
drinking,4
let,0
bottle,2
say,0
post,2
ethan,2
ancient,6
come,0
another,0
keep,1
gaia,2
problems,6
pill,4
plant,5
french,2
clive,7
bit,1
must,0
tomorrow,0
taken,4
gaba,4
safe,5
alcohol,2
skullcap,4
evening,2
things,1
many,0
god,0
name,1
dane,2
passionflower,4
sedative,5
mineral,2
actually,1
extra,4
cant,0
unfollowers,7
htp,4
valium,4
photo,2
fast,6
full,0
anyone,6
followed,7
wish,0
without,1
pretty,1
using,4
old,1
capsule,2
win,0
dehaan,2
home,0
contest,2
house,0
sleepytime,4
join,0
part,0
roots,6
mira,7
lot,0
world,0
effective,5
years,6
combination,2
common,2
friend,0
year,0
mind,6
effect,4
every,0
label,6
valrian,0
ambiatol,5
follower,7
sword,1
game,0
awake,1
hancock,6
milk,4
around,0
done,0
spices,2
peppermint,4
nothing,0
water,1
soon,0
rest,0
days,1
cast,2
ounceby,2
amazing,0
sorry,6
pain,6
working,1
stjohnswort,4
stop,6
says,6
said,0
man,1
thats,1
relief,5
someone,0
looking,1
prescription,5
swing,2
sometimes,4
anything,1
music,0
start,0
tastes,1
watch,0
unfollower,7
wait,0
vegetarian,2
real,0
body,1
sweet,0
food,2
already,0
teas,4
emperor,2
dream,0
thought,0
making,1
worked,0
story,0
study,5
fuck,1
live,0
away,0
strong,1
visit,0
sound,1
nervous,6
sounds,1
miss,0
capsulesby,2
trouble,6
add,4
herbie,2
wake,1
moon,0
silver,2
magnesium,4
crazy,1
nat,6
hard,0
kneipp,5
medicine,5
knock,1
wizard,2
menopausal,5
bottles,6
stay,0
friends,0
hour,1
write,6
blog,2
ease,5
enough,0
feet,1
rtauthor,0
relaxing,5
tired,1
promote,5
care,0
birthday,0
tell,0
warm,4
shine,2
early,0
bought,2
others,2
follback,6
slept,1
person,7
bedtime,4
looks,1
book,0
muscle,5
taste,1
everything,0
head,1
extr,2
rootauthor,4
probably,1
black,2
known,5
girl,0
baby,1
product,5
alternative,5
aids,5
brain,6
camomile,4
store,2
hey,0
mix,4
instead,4
sale,2
john,2
helped,5
hate,0
ready,0
element,0
jet,5
awesome,0
seems,1
fucking,1
yet,1
watching,0
rose,4
show,0
scullcap,4
flowers,2
wild,2
paris,0
nighttime,2
ass,1
fifth,0
depression,6
family,6
dog,2
coming,0
play,0
luck,5
review,2
open,6
gave,1
lag,5
restful,5
guys,0
gets,1
lets,0
problem,6
thinking,1
hear,1
valeri,5
benadryl,4
dogs,6
medicinal,2
added,4
times,0
salt,2
treat,5
glass,4
okay,1
theanine,4
father,0
least,1
val,6
son,0
guess,1
cool,0
uses,6
heart,6
behind,0
wars,0
non,1
bags,4
herbby,2
cause,6
friendship,0
dose,4
magickbuy,0
usually,4
call,6
series,2
recommend,6
fun,0
include,5
ask,0
green,4
top,2
drank,4
cinnamon,4
either,4
mom,0
celebrating,0
xanax,6
haha,0
wine,4
fight,6
rlxassist,7
tips,5
goodman,6
damn,1
beauty,2
started,0
important,0
kick,1
tweet,0
bag,4
meds,5
gives,1
quite,1
everyone,0
biggest,0
beautiful,0
prizes,2
available,5
remember,0
honey,4
popular,5
combina,2
bounty,2
schiff,2
disorder,6
perfect,0
phytocapsules,2
design,2
etc,4
kind,1
adaptation,2
contains,4
mean,0
stars,0
santos,6
mint,4
hopefully,1
vitamin,4
ambien,4
weird,1
dragon,0
together,0
knockout,5
drug,2
couple,0
info,5
late,0
system,6
end,0
ago,1
waiting,0
posted,7
authorvalerian,6
style,6
finally,0
far,0
supposed,1
nerves,6
toy,2
told,6
spray,4
release,2
pets,6
talks,2
lots,0
needs,0
alcoholfree,2
past,0
hoping,1
caradelevingne,0
kill,1
nerve,5
believe,1
learn,6
wanna,0
tho,1
promotes,5
knocks,1
ive,4
welcome,0
hell,1
grow,0
space,0
needed,0
online,2
role,6
takes,6
drugs,6
stinky,1
ill,0
wow,0
box,4
goes,0
nostalgia,2
mine,0
acting,6
seen,0
place,0
cure,5
products,5
gastrointestinal,6
costume,2
nutrition,2
toys,2
shop,2
science,0
lucbesson,0
wonder,6
america,0
lotus,2
idea,1
eat,1
wonders,5
rescue,5
else,1
pure,2
excited,0
caffeine,4
sleepauthor,6
hand,1
valer,0
face,0
whats,0
left,1
fiction,2
kneip,2
blood,6
youre,1
useful,6
liked,6
talk,0
heir,2
living,6
almost,1
went,0
blue,2
comics,6
able,1
hello,0
room,1
word,0
favorite,6
form,4
stuarts,4
eyes,0
lost,1
later,0
director,0
special,0
true,0
helping,5
cont,0
elizabeth,0
hmm,0
saw,2
keenan,2
rare,2
half,1
spearmint,4
trick,4
worth,1
rome,2
boy,0
date,7
less,1
mama,0
eagle,2
helpful,5
ginger,4
apparently,1
wrong,0
weeks,6
death,1
pillow,4
vitamins,2
send,0
mention,0
moment,0
improve,5
reading,6
begins,0
women,6
tip,6
tommy,0
song,0
pink,2
facebook,3
disorders,5
giving,2
seriously,1
plants,2
save,0
lolauthor,1
question,3
bring,1
playing,0
calms,5
shooting,0
properties,5
dear,6
pass,4
goodnight,0
based,5
hasnt,6
france,2
cold,0
month,0
comes,1
modern,0
xauthor,4
ebay,2
fan,4
treatment,5
authentic,2
omg,1
fine,0
small,2
phytolabbuy,5
hit,1
dropsby,4
guy,0
powder,2
totally,1
pern,2
often,5
similar,1
second,0
antioch,2
definitely,0
ingame,2
update,7
mood,6
heres,1
advice,5
leaves,4
job,0
minutes,0
chocolate,4
oth,2
doctor,6
joined,0
gameofthrones,2
mother,2
nyquil,4
quality,5
team,0
naturally,5
issues,5
taylor,0
ingredients,4
itauthor,4
recommended,6
weyr,5
lovely,0
double,4
article,0
edition,2
talking,0
funny,0
enjoy,0
break,0
forget,0
yesterday,0
chill,4
growing,2
teaauthor,4
mild,5
price,2
ounces,2
gotta,0
summer,0
shot,4
hummingbird,0
album,0
deal,6
list,0
kindle,2
personal,5
laugh,0
course,6
along,4
english,6
purit,4
socks,1
asking,0
woke,0
theres,6
checked,1
worse,1
dad,0
light,0
seed,2
vegetaria,2
fresh,2
improving,6
filming,0
petra,0
adhd,6
starting,0
shipping,2
rele,0
came,0
nightmares,1
interesting,0
saisse,2
quiz,2
magic,1
daughter,0
deals,7
seem,1
executive,2
brother,6
panic,6
worst,1
tablet,4
speak,1
christmas,0
leave,0
fact,6
snow,1
art,2
stinks,1
run,0
hyperactivity,6
fans,0
awful,1
brand,2
including,5
thrones,1
tinctur,2
tattoo,0
orange,4
self,0
glad,0
kicking,1
pop,4
code,2
dark,1
authori,0
dirty,1
dead,1
ginseng,2
mixed,4
gone,6
holy,1
ones,4
poor,6
change,0
juice,4
money,0
sleeplessness,6
max,0
order,5
choice,6
weekend,0
share,0
games,1
diet,5
killed,2
straight,1
strength,4
wide,0
yoga,4
sucks,1
sunshine,2
fashion,0
pads,0
slow,4
nite,0
listen,2
extracts,4
nowplaying,2
poppy,4
jon,1
swear,6
knew,0
case,1
united,6
meauthor,1
latest,6
action,6
echinacea,4
gift,0
soo,1
consider,5
pick,0
club,0
nature,2
starring,0
forgot,0
healing,2
dorwest,2
senior,7
dealing,6
meditation,4
smoking,6
rather,1
rock,2
spectrum,4
letter,0
die,1
tryptophan,4
chance,0
relieve,5
adds,4
words,6
lady,6
kinda,1
forte,4
episode,0
direct,2
dandelion,2
power,2
fluid,1
beer,4
leaf,2
movies,0
point,6
dosage,2
comiccon,5
soothing,4
shoot,7
recipe,2
men,1
suggest,4
staples,2
tension,6
ltheanine,4
close,0
turn,0
earth,0
loves,1
item,2
hero,6
postmenopausal,6
weed,4
thomas,0
test,0
sedatives,4
rape,6
hrs,1
boys,0
class,0
daily,6
research,2
hahaha,0
number,6
means,0
pisidia,2
opera,2
youtube,3
different,5
indonesia,0
groggy,1
heaven,1
everyday,0
meet,0
cocktail,4
bark,4
project,2
especially,5
peace,6
harvest,2
