UNK,1
melatonin,4
sleep,4
author,3
took,2
take,4
feeling,4
like,0
night,1
one,7
two,7
happy,2
think,3
need,5
cannot,5
zero,7
get,5
taking,3
asleep,3
work,6
three,7
time,3
pills,2
feel,1
tonight,5
good,0
going,5
lol,1
still,4
last,0
bed,0
help,3
valerian,3
five,7
echinacea,2
dreams,1
four,7
would,1
sleeping,3
awake,6
wake,6
fall,5
hours,0
really,6
got,4
tired,1
well,1
even,1
better,3
right,5
much,1
know,1
shit,1
try,2
tea,2
gonna,3
could,0
want,5
tried,4
day,0
works,2
actually,1
sad,1
make,5
helps,3
life,0
tomorrow,6
never,4
back,5
root,4
six,7
makes,4
ago,3
insomnia,6
sleepy,3
ever,0
morning,0
hope,5
every,0
mom,4
since,6
wish,4
love,0
taken,5
today,0
hour,1
eight,7
slept,6
though,3
might,2
trying,5
guess,5
maybe,3
hopefully,5
getting,6
something,4
already,4
fuck,0
pill,2
best,0
see,3
always,4
put,5
body,6
sure,1
bad,1
early,1
start,0
cant,5
way,1
use,4
little,1
nyquil,2
keep,2
crazy,1
hate,3
seven,7
also,3
nights,5
gave,3
soon,1
forgot,3
wide,0
give,3
woke,6
nine,7
ass,1
bottle,2
used,4
dream,0
brain,6
without,5
enough,1
knock,2
cause,1
friend,5
stay,5
stuff,2
thought,4
worked,3
made,1
thing,2
find,5
first,1
cold,4
kick,5
wanna,5
weird,1
late,6
working,3
let,5
pass,2
week,0
instead,2
pretty,1
yeah,1
found,5
haha,4
sick,1
fucking,0
ugh,3
thanks,2
started,6
probably,5
days,6
gives,1
yet,1
mind,6
long,0
home,0
benadryl,4
able,1
vitamin,2
dont,4
anymore,1
eyes,3
natural,2
real,1
told,3
thinking,0
meds,6
next,0
finally,6
either,1
remember,6
usually,0
minutes,0
schedule,6
twitter,3
great,0
waking,6
stop,1
coffee,2
sometimes,1
god,0
drink,2
say,0
come,0
swear,3
bought,0
someone,5
said,4
goodnight,5
stjohnswort,4
school,6
nothing,6
may,5
went,5
damn,0
new,5
half,2
popped,5
thank,5
pop,4
helped,3
ill,0
please,0
head,3
people,0
idea,2
bit,3
nightmares,6
ambien,4
seriously,1
kicking,5
past,6
things,6
making,1
whole,0
hrs,4
ready,2
almost,6
lot,6
anything,1
literally,1
hoping,5
tablets,2
least,1
man,4
hard,6
earlier,2
gotta,5
dose,2
around,6
knocked,4
caffeine,6
room,6
yes,6
later,3
anxiety,6
knocks,4
thats,0
wonder,3
done,2
okay,1
away,6
tell,1
nap,2
buy,0
exhausted,3
many,1
another,1
rest,5
pic,3
com,6
cuz,1
problem,6
side,6
left,2
wait,5
ive,4
fucked,1
till,6
aid,5
soo,0
years,4
open,3
vivid,0
throat,5
helping,6
effect,3
falling,1
waiting,4
baby,1
system,6
idk,1
die,1
medicine,2
read,6
phone,0
super,1
called,4
high,6
house,5
dad,4
look,3
times,4
hit,4
doctor,3
didnt,2
tylenol,4
eat,2
fell,4
starting,1
wtf,4
bring,5
couple,3
levels,6
girl,4
seems,2
drinking,2
watch,3
wrong,0
supplements,2
tho,1
realized,6
supposed,2
lately,6
alarm,6
sucks,6
wonders,3
kicks,3
immune,4
normal,5
friends,0
hot,5
takes,3
heard,4
accidentally,4
lets,3
pain,3
everything,5
mean,5
light,3
sorry,0
effects,1
trouble,6
call,4
drank,2
hell,0
worse,1
vitamins,2
extra,4
wow,1
groggy,1
glad,6
class,6
old,6
chamomile,4
turn,5
supplement,2
must,4
drowsy,3
headache,0
shower,2
felt,1
whenever,1
reason,4
mine,6
bout,2
gets,6
using,6
drugs,2
gummies,2
shut,3
definitely,5
lmao,4
knew,0
anyone,6
world,0
problems,6
weeks,6
til,6
omg,3
water,2
full,0
wine,2
drug,5
fast,1
everyone,0
giving,1
ran,0
plus,2
scared,6
face,2
end,0
watching,5
straight,6
advil,2
black,0
apparently,3
hear,5
nice,5
issues,6
ate,2
year,0
worst,0
luck,2
job,1
excited,0
lay,3
amount,3
else,5
tweet,0
wanted,5
kicked,3
kind,5
cool,0
kill,1
kids,4
puts,5
kinda,1
pineal,0
point,6
believe,6
mood,6
barely,3
stress,6
gone,4
laying,0
forget,5
less,6
bedtime,3
stopped,6
talk,3
doesnt,3
hmm,1
become,0
forever,1
thoughts,6
dosage,2
yesterday,1
far,0
ask,0
energy,4
cycle,6
midnight,6
cat,6
herbal,3
zzquil,2
dead,1
gland,0
needs,0
meletonin,1
bunch,2
longer,3
keeps,5
fix,5
smh,0
mad,1
feels,1
run,3
stupid,1
looks,1
set,4
fact,1
insomniac,5
middle,0
coming,4
coma,4
leave,4
clock,6
parents,3
anyway,2
eating,2
person,0
lots,2
food,2
double,2
fighting,1
music,3
mins,0
months,4
dog,1
totally,0
fight,6
remembered,2
asked,1
awesome,4
drops,2
skin,3
ton,2
hahaha,1
crap,6
milk,2
goes,0
ibuprofen,2
fml,3
weirdest,0
dear,5
fun,3
big,5
course,6
dark,6
amazing,5
staying,0
needed,5
break,0
fine,1
cup,4
passed,5
play,4
drunk,1
quite,3
seem,5
pissed,1
second,0
brought,5
hella,4
game,1
xanax,4
moment,2
afraid,4
addicted,1
dude,4
reading,6
oil,2
happens,4
sweet,5
happen,0
yay,3
calm,5
says,4
recommended,2
sounds,4
messed,6
havent,0
unless,3
prescription,6
invest,5
relax,5
sister,2
understand,6
came,5
wondering,0
homework,3
otherwise,5
heart,3
miss,0
guys,1
cough,3
oops,2
means,5
family,5
popping,2
quick,4
care,5
close,1
lost,2
doc,3
running,6
deep,0
horrible,3
sun,3
hand,2
produce,3
rested,1
talking,0
jet,1
hello,0
melatonins,4
honey,5
decided,5
yea,4
shot,1
considering,6
part,6
ahh,3
liquid,2
book,5
favorite,0
hey,6
blame,6
juice,2
warm,2
honestly,5
meant,3
alright,0
moms,2
wont,0
finish,5
heavy,1
bitch,5
sleepytime,4
mix,2
ima,0
looking,5
trick,2
weekend,2
boy,1
entire,0
yall,0
weed,5
awful,1
decent,5
holy,2
study,5
live,0
strong,6
normally,4
pattern,6
nite,3
brother,2
usual,1
placebo,1
lack,6
together,0
change,1
hurts,3
screwed,0
cocktail,2
wheres,5
mouth,2
saying,2
low,6
shift,2
lag,6
allergy,2
hair,0
freaking,1
taste,2
release,3
buying,3
movie,1
kept,0
lemon,2
min,3
trip,0
tablet,2
fail,6
hangover,4
prescribed,5
comes,5
restless,6
overdose,4
eye,2
gotten,3
red,5
store,0
zzzquil,2
cry,1
telling,3
aids,4
terrible,0
completely,6
nightly,4
flu,4
serious,5
alcohol,2
bff,5
saw,4
production,3
stomach,1
killing,1
zinc,2
given,0
crash,2
glass,2
possible,4
capsules,2
lavender,5
dinner,2
zombie,5
whatever,2
awhile,3
catch,5
happened,0
thinks,6
funny,3
move,3
naturally,4
evening,3
drugged,1
text,0
check,3
name,5
faster,5
pray,3
sigh,1
realize,0
recommend,6
afternoon,2
sitting,5
bored,0
bath,2
hurt,1
turned,3
vit,1
htp,2
month,6
kid,1
especially,6
dreaming,1
imma,5
due,6
thankful,0
plan,0
basically,5
pillow,2
car,0
turning,5
matter,1
regular,0
muscle,4
pick,2
mother,4
except,2
legs,1
smell,1
alone,0
etc,2
safe,5
strength,2
couldnt,1
poppin,5
figure,0
quit,6
keeping,1
listening,2
asap,2
dumb,1
takin,3
mama,4
although,4
mess,5
quickly,6
rather,3
walk,1
son,5
suck,3
ridiculous,6
refuse,2
dying,2
mgs,2
sleepless,0
thru,0
show,5
putting,5
twice,2
benedryl,4
tryna,5
interesting,0
different,3
playing,5
beer,2
level,6
healthy,0
recently,3
theres,5
knows,5
melanin,3
case,3
currently,5
stronger,5
lil,3
craziest,0
teeth,2
nose,1
bye,0
changed,6
top,2
chocolate,2
flight,3
lord,5
place,5
smoke,2
order,5
ahead,2
nightmare,6
starts,0
fuckin,0
gym,0
jealous,0
confused,6
finished,0
jetlag,0
summer,1
doses,2
gummy,2
word,0
seeing,6
nah,0
suppose,2
free,0
white,4
hungry,5
shall,5
remedy,5
nope,0
lucid,1
worth,4
scary,1
jesus,4
hyper,1
win,6
lights,6
yep,4
often,1
news,6
tweeting,0
friday,0
sore,2
drive,3
monday,0
guy,0
within,0
smells,1
party,0
cut,2
absolutely,4
add,2
story,0
magnesium,2
future,0
self,0
counter,2
adderall,0
true,1
medication,1
ended,6
spray,2
save,6
mixed,2
def,2
swallow,1
driving,4
regulate,5
college,0
loopy,1
health,5
ones,6
unisom,4
hormone,5
wants,3
stressed,1
fan,6
increase,5
knocking,5
hands,0
whats,1
mum,3
otc,4
combo,2
fingers,4
chill,2
opposite,1
saved,6
green,5
praying,2
upset,4
attempt,0
tolerance,4
suggested,5
heres,2
rock,6
cure,5
everytime,2
ten,3
forgetting,2
listen,6
worried,1
bro,4
lazy,5
missed,6
figured,0
force,3
gunna,5
track,1
sound,0
depression,6
tbh,5
serotonin,1
lemme,2
dunno,3
wired,3
hitting,2
send,5
magic,5
dammit,5
death,1
producing,3
circadian,5
lose,5
struggle,6
ginger,5
blue,6
words,4
hold,1
sense,3
crying,0
relaxed,4
throw,2
handful,2
random,5
tabs,2
lovely,1
dreamt,1
daily,2
butt,2
calling,6
bet,3
trust,6
induced,3
sort,5
wild,3
nigga,2
busy,0
tastes,1
refreshed,6
herbs,3
paper,0
produces,6
test,0
turns,2
desperate,5
trippy,1
somehow,5
happening,4
boo,2
difference,0
single,0
wakes,5
prob,0
herb,2
dreamed,3
failed,4
odd,1
officially,4
roommate,3
write,1
caught,1
passing,1
lady,6
welp,1
candy,1
type,1
colds,2
threw,6
aka,5
died,5
tweets,1
headaches,6
writing,5
stuck,5
shoulda,6
wash,5
small,2
door,3
overdosed,1
cats,1
wonderful,0
bag,6
bottles,2
sleepin,3
couch,2
joke,6
rain,3
however,1
christmas,3
racing,5
isnt,1
strange,1
feet,2
minute,0
boyfriend,5
slow,1
workout,5
drop,3
decide,5
learned,4
clean,4
control,6
brand,2
ughh,6
deal,6
migraine,6
several,0
alarms,6
peace,0
dependent,4
zquil,2
experience,1
near,5
husband,2
excuse,1
issue,6
aww,4
cantsleep,4
nervous,4
ppl,6
stick,6
convinced,4
weather,3
yup,2
watched,0
cream,2
somewhere,0
reset,5
discovered,5
avoid,6
ish,0
blood,6
goldenseal,4
routine,4
legit,4
classes,0
suggest,5
ice,2
drinks,2
orange,2
choice,2
anyways,3
anxious,1
count,4
clearly,2
becoming,6
stayed,0
bullshit,3
tongue,2
whoops,0
higher,4
nighttime,5
sunday,1
huge,4
spent,4
catnip,4
habit,1
rhythm,5
regret,1
whether,0
perfect,0
lucky,6
btw,1
asking,3
pls,6
allergic,4
tincture,3
exactly,3
slowly,1
lunch,2
question,3
outta,1
bestfriend,3
prefer,6
depressed,1
power,2
pull,6
helpful,5
patterns,6
voice,1
woo,0
lie,3
feelin,3
med,0
human,1
everyday,6
money,4
advice,5
easily,6
habits,6
hates,1
beat,6
shots,2
dads,5
travel,5
along,2
walking,4
fucks,4
insane,1
load,2
staring,6
desk,0
saver,4
dogs,2
window,6
naps,0
obviously,1
biotin,2
answer,4
burn,1
kickin,0
goin,1
saturday,1
apartment,1
sum,5
research,3
goodness,0
needsleep,3
gosh,5
yrs,4
function,3
miracle,5
pack,2
computer,0
thestruggle,4
emergenc,2
walmart,2
rely,4
wife,5
song,0
prolly,3
dang,6
zzz,2
valium,4
slightly,1
others,1
doubt,4
lunesta,4
sleeps,2
mistake,4
poor,1
horse,2
affect,2
solution,5
dry,1
box,2
living,0
noon,0
rip,1
sit,1
wall,2
gnight,0
promise,5
effective,2
easy,5
note,1
ohh,5
plans,6
disorder,6
total,4
hahah,4
woken,0
kitchen,1
speak,1
tossing,0
meet,5
third,6
moving,0
tells,1
garlic,2
diet,2
share,4
solid,0
cus,3
exercise,5
winning,4
laugh,1
cos,5
badly,5
annoying,5
looked,1
child,4
possibly,5
remind,3
winter,6
sell,4
sex,1
netflix,3
gettin,1
thx,1
switched,4
grateful,0
moved,1
drift,0
broke,2
fully,5
movies,0
combination,4
extract,2
explain,6
talked,2
sheets,5
nearly,5
behind,0
laughing,4
downstairs,1
extremely,1
strips,5
hopes,6
wear,2
pharmacy,0
row,3
dropped,2
lmfao,1
short,3
syrup,2
app,4
floor,2
agree,6
shitty,6
eventually,1
miserable,6
handle,1
noo,0
breakfast,5
aint,1
anytime,5
grab,2
met,6
seen,6
wearing,1
form,3
chemical,1
struggling,3
none,2
decision,6
messing,1
noise,5
games,3
finna,3
hardly,0
bodies,4
lying,6
swallowed,4
closed,6
ability,2
easier,5
accident,6
suggestions,3
tonite,5
damnit,0
young,0
studying,6
chance,5
impossible,6
mostly,5
properly,1
amounts,2
ride,3
bowl,5
girls,2
whiskey,2
filled,5
switch,4
important,6
suffer,4
forward,0
mornings,0
actual,6
shoot,1
adhd,4
learn,0
huh,6
outside,6
bizarre,0
stand,1
idiot,3
list,6
bruh,4
kidding,0
results,3
bother,1
highly,6
wore,3
unable,3
plz,5
exhaustion,1
crack,4
vodka,2
annoyed,1
sugar,2
smoked,2
tmrw,3
soup,2
neck,2
shake,0
elizabeth,4
hardcore,4
downed,5
enjoy,0
cherry,2
chicken,2
ideas,2
jus,6
follow,1
multivitamin,2
built,4
brush,5
causing,6
addict,6
sign,6
sickness,2
act,6
nurse,2
plane,0
slip,5
hormones,4
bedroom,2
cvs,4
walgreens,1
iron,2
o_o,0
post,3
welcome,5
rarely,0
missing,1
attack,5
final,1
screw,0
neither,4
immediately,5
noticed,5
bodys,6
milligrams,6
managed,5
gross,2
broken,1
letting,4
chewable,2
addiction,5
despite,3
loves,0
dizzy,6
fault,5
fish,2
mellow,2
comfy,3
luckily,1
added,4
organic,2
fear,6
non,1
owl,0
record,5
bringing,3
golden,5
played,0
angry,6
grandma,2
saving,5
bright,4
diphenhydramine,4
complete,2
zma,3
gaba,2
meditation,3
relaxer,1
fresh,5
babe,0
rough,6
wideawake,2
daughter,3
forced,2
shows,5
begin,0
somebody,5
worry,6
bless,5
wasnt,0
secrete,6
cleaning,2
picked,2
balance,5
mild,3
savior,3
wishing,4
abt,5
doctors,1
charm,1
boys,3
biggest,0
breathe,1
addictive,1
weak,1
bathroom,1
counting,2
birthday,3
secreting,3
snort,1
cabinet,4
grr,6
leaving,3
panic,6
hahahaha,2
allergies,2
exam,0
unfortunately,6
nature,4
birth,5
support,3
positive,1
allowed,0
truck,1
certain,6
hugs,1
number,6
internal,1
fire,6
continue,1
land,4
freakin,0
sent,2
produced,6
glasses,6
oregano,2
aleve,2
cuddle,3
office,3
reality,0
roommates,3
useless,3
rub,2
experiment,0
wit,2
excedrin,2
capsule,2
treat,4
harder,6
foods,2
bob,2
shopping,0
dayquil,2
train,1
dat,0
sisters,0
leaves,0
laid,2
flavored,6
color,3
immunity,3
suddenly,6
fallen,0
option,6
intense,1
acid,3
anywhere,5
difficult,0
frustrated,6
inside,2
team,4
sat,5
coughing,1
thatll,5
slipped,2
tummy,3
leg,4
hops,4
nosleep,0
beyond,0
airborne,2
randomly,0
druggie,4
forgotten,4
nerves,5
zyrtec,2
hits,3
repeat,6
rescue,2
arms,1
youre,0
round,1
seconds,6
throughout,6
boutta,4
fixed,0
alive,0
bus,3
coke,5
mask,5
molly,2
feelings,4
heck,3
ways,2
period,6
vicodin,4
teamnosleep,5
related,3
planning,1
thus,0
responsible,6
brains,6
doin,5
episode,2
nocturnal,6
boost,2
everywhere,2
laundry,2
blah,1
freaked,6
imagine,1
knowing,0
church,0
surprised,1
sotired,1
books,6
mention,1
cutting,2
klonopin,4
worn,0
nuts,2
aunt,1
hang,3
theyre,3
emotional,6
productive,0
online,0
truly,3
followers,4
empty,2
lived,4
wicked,3
crossed,0
front,5
chronic,3
umm,5
reminds,4
based,5
smoking,6
kava,4
trazodone,4
clothes,2
loud,4
sleeper,4
deeper,5
psych,6
cheese,4
seal,2
snoring,3
supply,5
tripping,1
calming,1
washed,2
focus,6
realistic,1
marley,2
reaction,4
pillows,6
finals,4
resort,4
weight,2
restful,0
apple,2
sis,3
remedies,4
dnt,2
machine,4
eyelids,1
overdosing,2
snooze,2
settle,3
realizing,2
yawning,1
besides,4
science,0
determined,0
consumed,2
seemed,2
seratonin,3
sleeplessness,6
tons,2
air,0
battle,6
migraines,3
eaten,1
raspberry,3
powder,2
ear,0
likely,0
probs,5
ears,3
cousin,6
soul,6
max,0
cancer,6
bags,3
messes,1
hurting,6
flower,2
simply,3
google,6
age,4
sublingual,3
greatest,5
state,0
update,1
trash,4
calls,5
semester,0
whoa,1
earplugs,5
counteract,4
hallucinating,6
tempted,2
considered,4
date,2
massive,6
anti,4
caused,6
relaxers,1
triple,4
stops,5
nasty,4
shout,4
whyy,1
club,2
opened,5
sheep,4
physically,6
notice,4
expect,3
booze,3
jump,6
prescribe,4
survive,3
blanket,5
folks,1
flying,1
aspirin,4
slumber,4
sudden,2
blessed,3
texting,1
needa,0
cups,4
ages,1
alot,2
pee,4
deprived,1
regularly,2
bear,5
bull,2
risk,1
jack,5
mug,4
laptop,5
aha,2
tip,4
term,2
debating,5
falls,5
cheap,4
quiet,1
atleast,3
nails,4
crush,3
hungover,3
developed,0
nighty,0
art,0
napped,4
peppermint,2
freak,1
meaning,5
conversation,5
perhaps,1
wind,1
camomile,2
constantly,5
instantly,4
veins,3
screen,0
darn,2
yoga,6
upstairs,2
chest,6
spring,5
garden,2
mixing,4
standing,2
process,1
listened,3
packed,5
math,6
tryin,3
pizza,6
losing,3
swears,1
tonights,0
hardest,6
business,1
darkness,4
liver,1
rum,2
singing,5
mode,1
expired,2
mint,4
skip,1
dangerous,6
children,4
uhh,3
therefore,3
gah,4
codeine,3
monster,6
trazadone,2
report,1
spell,3
proper,0
bud,4
brushed,5
attacks,1
sometime,3
fails,2
pot,2
fam,3
rate,6
andand,2
grams,2
hid,5
became,6
momma,4
breathing,4
tan,0
vicks,1
hallucinate,3
wednesday,6
locked,4
beauty,5
men,6
roll,1
teas,4
episodes,2
million,0
article,6
breath,1
hubby,5
hes,1
causes,6
large,2
beautiful,0
laced,2
symptoms,5
major,1
relationship,0
tranquilizer,3
nowhere,1
walked,1
hehe,4
excitement,3
interview,6
sleepiness,0
relaxing,3
gnc,4
ricola,2
wat,4
birds,2
cycles,0
toss,6
creepy,1
floating,2
clear,0
freaky,1
generally,6
effed,1
yolo,5
quality,5
admit,2
tuesday,0
purchase,3
therapy,5
somewhat,5
doe,3
lotion,6
grow,1
cute,6
mail,0
yess,0
carry,5
autism,0
mothers,1
pregnant,3
mental,5
acting,4
needing,5
giant,2
weve,4
spend,5
willing,0
rem,5
loved,5
bouta,4
hearing,1
ceiling,6
judge,5
drown,2
marathon,1
neuro,6
pants,1
turkey,1
relief,2
hasnt,1
sons,4
shits,0
known,0
numb,2
react,5
pharmacist,2
cake,5
intake,2
checked,4
bomb,5
babies,0
melanoma,5
forming,6
stole,2
pulled,1
boat,0
grumpy,1
yawn,1
elderberry,2
fixing,0
punch,0
balls,1
allow,5
kiss,0
sinus,4
waste,5
balm,5
upped,4
saves,6
fever,2
wasted,3
mid,6
war,6
fruit,2
forcing,6
storm,5
insomniaprobs,4
wouldnt,1
cell,5
cray,4
tend,0
necessary,2
piece,5
meh,5
goodbye,1
hook,5
silly,0
bar,2
everybody,6
downing,5
drawer,2
killer,0
sooner,3
protein,2
town,6
replaced,4
praise,3
shutting,1
delirious,3
frustrating,5
hospital,5
sober,3
laughed,3
glands,3
lifesaver,1
pops,5
neighbors,1
pms,2
season,6
pre,0
blunt,2
amen,3
reminded,0
blog,5
kills,1
highest,1
thursday,5
fav,5
version,2
occasionally,2
arm,1
rid,1
boring,5
smart,4
appt,1
released,3
heating,5
pretend,1
internet,6
city,6
wanting,5
tears,0
surgery,0
dragging,5
gimme,3
tight,0
chewing,1
adjust,5
quicker,5
via,0
dosed,5
ftw,2
project,3
kno,6
line,0
ativan,5
napping,2
race,5
video,5
doubling,1
deficiency,0
pressure,6
lastnight,6
pussy,4
chew,4
failing,6
steal,0
adding,2
caps,2
holding,1
album,1
bugs,1
mentally,0
exciting,0
delayed,6
poop,6
building,5
sensitive,6
liked,1
mucinex,2
idc,3
tryptophan,5
ordered,2
vampire,1
bears,2
sipping,4
crushed,2
page,6
stat,2
star,1
active,6
grade,6
tiny,5
lied,0
faith,2
group,6
appreciate,1
strawberry,4
coat,5
beginning,6
midol,2
meeting,0
cider,6
cured,5
sadly,5
comfortable,3
success,6
soft,5
bug,1
amazon,0
boss,6
expected,2
antidepressants,3
escape,0
ruined,5
iphone,5
proud,5
feed,6
rtauthor,2
reach,1
teacher,5
brick,6
gnite,1
somethin,2
ipod,5
workin,3
crappy,0
cried,2
bitches,3
incredibly,6
yellow,3
increasing,5
naturel,5
rly,1
fair,1
planned,0
tuna,4
hay,5
current,4
ground,3
dreamland,5
homeopathic,4
somethings,0
thinkin,5
bong,6
consider,4
morn,4
accept,6
heads,0
alert,0
essay,1
concerned,0
casserole,3
docs,0
steel,4
cranky,2
surprisingly,6
aware,0
reasonable,1
hooked,5
peacefully,0
spelled,2
born,0
zicam,2
maximum,5
interested,3
antibiotics,2
showered,0
adrenaline,0
flowers,1
coworkers,1
severe,6
overnight,4
adult,4
desperately,5
swallowing,0
blend,4
paranoid,1
oversleep,5
facebook,3
espresso,4
manage,1
attention,1
buddy,2
tips,5
personal,1
drowsiness,6
personally,1
shame,3
pandora,6
depend,1
suspect,1
mac,0
headphones,5
lullaby,0
across,2
pad,4
videos,6
enjoying,5
lolol,6
tom,0
reverse,2
hated,0
snap,6
affects,3
fed,6
scariest,0
extreme,3
reached,4
grabbed,2
coworker,3
explode,2
liquor,2
heat,5
beers,2
catching,0
paying,0
legal,4
terrified,1
quil,4
woman,4
fat,6
breaking,5
shouldnt,4
wakeup,3
finding,2
eff,6
longest,0
wrote,4
goddamn,6
relying,5
reasons,4
cinnamon,2
anybody,0
dissolve,4
covered,1
available,2
kinds,3
hanging,6
dorm,5
screaming,5
showed,5
terrors,6
wth,0
country,5
worker,5
remembering,1
fairly,1
sleepp,5
omfg,3
average,5
worries,6
nothin,3
secretion,3
bubble,3
regimen,6
social,6
weirder,1
followed,2
nighter,6
nauseous,1
suffering,3
relaxes,1
experiencing,4
defeat,6
sleepdeprived,6
apologize,6
upon,5
increased,3
yikes,1
rocks,2
musical,6
sending,1
honest,1
improvement,3
needless,1
induce,0
comatose,5
throwing,6
piss,1
headed,6
pounding,5
step,2
pulling,1
crossing,2
deprivation,5
heading,4
gravol,4
sorta,4
deck,6
aide,6
fave,5
begins,5
sudafed,4
chug,2
sunshine,1
belly,3
amazingly,4
zzs,0
growing,1
killed,6
correct,6
funky,1
paid,0
mary,6
seroquel,6
awkward,1
sweetdreams,0
twenty,3
common,4
alternative,1
per,2
epic,5
favourite,6
prepared,3
sing,0
oils,6
lame,0
strip,2
nobody,6
asks,1
hide,3
ingested,2
resist,6
disturbing,0
strangest,1
apart,2
sunlight,1
setting,6
scratchy,1
releases,6
urge,0
changing,5
roomie,0
texts,6
goal,0
hotel,6
states,1
schleep,4
lower,5
edge,0
iced,2
tab,2
abuse,2
choose,1
theraflu,5
combat,6
local,4
genius,4
opening,3
rare,1
secret,6
cmon,4
passionflower,2
service,5
chugging,0
scream,1
pocket,2
lift,6
hah,5
cocaine,1
sos,6
tweeps,1
dealer,5
solved,0
elephant,1
conscious,0
complaining,5
knee,4
lawd,5
xmas,0
vacation,0
combined,5
purse,0
puppy,3
appointment,6
drifting,3
enemy,0
chase,5
motrin,6
link,3
occasional,4
nada,2
truth,0
bae,5
poured,6
wee,3
places,5
official,1
fuuck,0
regretting,3
bday,1
ineedsleep,0
delicious,2
target,3
runs,6
depends,4
beating,1
zone,1
touch,4
heaven,3
cookies,2
toys,1
hurry,6
calms,1
starbucks,2
grocery,3
lives,4
increases,3
experienced,1
grind,0
draw,0
withdrawal,5
wack,0
powerful,2
key,6
parts,3
pumped,0
lungs,0
content,3
ily,5
wears,5
picking,3
daytime,5
suggestion,2
law,5
finishing,0
according,5
distracted,0
redbull,5
reminding,4
button,0
dumbass,2
mountain,2
doubled,2
phase,1
lesson,0
slipping,0
rush,6
latest,0
tone,6
slight,2
shouldve,5
snow,1
shortly,4
gift,0
ptfo,6
whew,0
shifts,0
everyones,6
decisions,0
relaxation,5
court,0
stash,2
script,4
cleaned,4
bars,2
essential,5
refuses,4
itll,5
makin,5
oding,0
english,6
sweat,4
fit,3
ups,1
bleh,3
wahh,0
whoever,2
exact,6
loads,2
prevent,2
multivitamins,1
training,6
bite,4
excellent,3
keyboard,6
dare,4
neighbor,6
burning,1
someones,5
company,1
plant,3
roots,2
ruining,0
stairs,1
session,1
chai,2
melts,4
magik,0
illegal,0
meth,6
blows,1
depressing,6
skittles,4
ball,5
badass,5
whack,0
phones,1
brb,3
lab,6
thee,4
creates,5
chased,2
anatomy,0
tha,6
brothers,4
dance,5
turnt,3
space,3
size,5
crashing,3
concert,3
embrace,0
speed,1
yuck,4
foot,1
insomniacprobs,3
hype,5
lool,3
older,2
exercising,3
ache,5
practically,0
youtube,3
flexeril,3
cloud,0
shaking,2
perfectly,6
luv,2
duh,4
todays,1
mee,4
homie,3
vicious,5
thankyou,2
dawn,5
decides,1
loaded,2
handed,1
assume,4
father,6
disgusting,4
dig,5
dis,6
useful,5
sake,4
visit,1
insomniaproblems,1
waited,6
marijuana,5
switching,0
shop,1
killers,6
worrying,6
cancel,6
disappointed,4
offered,5
pay,2
girlfriend,2
chris,6
drugging,5
trippin,1
washing,5
biological,6
table,0
dew,0
response,5
dragon,5
insurance,5
build,4
waitin,4
cozy,4
expensive,5
constant,1
reg,4
cures,4
practice,6
sets,1
vyvanse,6
match,1
introduced,2
feeding,3
mints,2
destroyed,0
curtains,4
plenty,2
improve,5
beside,3
dozing,0
melting,4
soundly,0
contemplating,0
peeps,4
memory,4
crashed,1
terrifying,0
ginseng,4
jokes,2
nightnight,5
puke,1
magical,0
blow,2
yah,6
deserve,1
ouch,0
thankfully,1
explains,5
cookie,6
pump,4
stoned,1
activity,5
mommy,2
consist,0
crawling,0
tommy,0
forreal,0
debate,2
unlike,6
nytol,1
hop,2
spinning,1
tequila,2
result,3
yogurt,2
ease,5
hav,5
restlessness,6
stoked,2
halls,2
melt,0
snack,2
afford,0
troubles,6
ahaha,4
stuffed,5
illness,2
woah,6
wut,1
lemsip,2
cheers,5
deff,4
boxers,1
ace,0
peaceful,0
dirty,1
yogi,2
tested,0
insomniacproblems,1
nasal,2
preparing,0
ama,3
chat,5
continues,1
eve,6
weekends,1
scene,6
fuckers,0
lmaoo,0
riding,1
following,6
stays,3
stinky,1
waay,6
sack,5
minus,6
antidepressant,3
deeply,6
doped,2
tough,5
tht,6
board,2
clinical,5
certainly,6
brownie,5
regardless,1
caffeinated,4
cap,2
sandwich,2
ring,6
dissolving,2
morphine,3
pituitary,6
learning,0
heated,0
stare,2
emotions,5
american,3
expecting,5
trapped,1
giggles,4
flights,3
pretending,1
unconscious,1
mega,4
uses,3
guaranteed,0
cherries,4
block,5
nonsense,1
daylight,1
wave,1
queen,3
products,4
hiding,0
measure,1
special,1
drowning,6
bee,2
prayers,4
horribly,4
bucks,6
sissy,3
whos,4
wreck,6
credit,3
downside,6
niece,3
hunger,1
meditate,4
trigger,6
ugly,1
grown,6
zombies,1
hypothalamus,3
suicide,0
join,0
dealing,4
massage,6
ooh,1
effort,6
fly,5
avoiding,4
pure,0
swore,4
jail,1
tonic,1
tucked,2
srsly,1
canada,1
goto,2
tiredness,6
blankets,6
inject,1
imagination,0
lifetime,6
film,1
airport,4
misery,2
baths,4
walls,5
complain,2
mmm,4
steroids,5
paint,6
ungodly,2
fading,3
dancing,3
eggs,4
express,0
concoction,2
reals,3
zoloft,6
pet,2
subconscious,1
beans,0
outt,3
allnighter,1
lines,2
south,5
disease,0
progress,3
instant,3
promotes,5
assuming,3
socks,2
dresser,4
poorly,1
street,4
guarantee,5
london,3
gods,5
wedding,1
rhythms,6
complex,1
sneezing,6
heal,6
knees,2
irritated,1
reply,3
shove,5
crisis,5
prep,0
ensure,1
hun,6
duty,1
reminder,3
halfway,6
moon,1
vanilla,4
overload,2
flat,0
mission,6
fancy,4
king,1
yeahh,4
medicines,5
various,1
sold,0
arrived,0
melatonininduced,0
raw,2
choices,0
cross,3
realised,6
happiness,2
searching,6
scares,3
spilled,2
horrific,6
bacon,2
hero,5
natures,2
types,4
wink,3
message,6
crawl,0
tree,1
morrow,4
rich,4
lookin,4
tops,4
dramamine,4
previous,4
bottom,1
creative,6
wrap,4
push,1
spot,0
gatorade,3
quarter,1
uninterrupted,6
ohwell,4
wayy,5
jittery,4
psychiatrist,4
affecting,0
mann,4
stream,2
situation,5
cannabis,5
meal,3
secreted,5
secretes,3
rage,1
foggy,6
smile,5
antibiotic,3
prior,4
action,1
bummer,3
skipped,0
psychology,5
gold,4
vitaminc,2
coincidence,0
races,0
lozenges,0
australia,3
influence,3
awoke,4
chillin,4
vinegar,2
involved,6
challenge,3
lock,4
destroying,5
surely,4
scare,4
gentle,4
thanksgiving,3
jaw,2
email,1
ends,6
insanely,1
bananas,4
passion,5
seeds,2
errands,4
tossed,6
sosleepy,1
neat,1
forte,2
created,0
powers,1
shiit,1
coz,3
comfortably,0
arent,1
evil,6
thankgod,0
trial,2
sincerely,1
jam,2
product,2
entirely,5
card,3
closest,5
charger,6
twelve,0
backup,5
rolling,5
youu,4
prepare,4
babysitting,0
costco,6
horror,1
investing,2
insomniacs,1
safety,2
asd,6
terribly,5
grogginess,0
pictures,3
brilliant,6
resorted,3
sweating,3
miracles,3
info,0
sedative,4
nausea,1
popper,0
meanwhile,2
spelling,4
bloodstream,6
mentioned,6
neurosleep,3
brownies,2
chemicals,1
ben,3
joint,4
correctly,1
inhale,5
quiz,0
releasing,6
wks,5
shes,1
liking,5
nightfood,1
pointless,2
cells,0
ingredients,0
hibernate,5
mel,6
inhaler,0
roof,6
laughs,2
aaand,1
hibernation,0
surprise,0
sluggish,6
scotch,3
testing,3
sorts,4
lethargic,6
character,6
lorazepam,4
makeup,2
lsd,1
shoes,5
smoothie,2
beach,6
speaking,1
performance,5
dick,1
trader,3
appropriate,3
pal,3
bang,1
solve,1
pissing,0
bank,5
road,2
mark,4
fingerscrossed,1
search,1
comfort,3
inception,0
spiked,3
visiting,6
dietary,2
gay,4
nyquill,2
source,1
bio,1
hahahah,4
joes,5
scandal,0
closing,2
snacks,2
bothered,6
united,1
syndrome,1
chasing,2
backwards,0
fixes,4
attempting,5
recommending,2
snuggle,5
baked,3
lololol,1
woozy,3
spike,2
bouts,0
onto,1
sarcasm,3
relatively,6
sedatives,4
cnt,6
football,5
charge,5
painkillers,2
dissolvable,5
depending,6
sunrise,2
intended,5
yum,2
aromatherapy,6
fought,0
hug,2
maletonin,4
uncle,0
favor,0
review,1
careful,3
relaxant,1
inability,5
paralysis,1
promote,5
wifi,1
chinese,3
functioning,4
screens,2
flip,4
adventure,5
mattress,5
jetlagged,4
excessive,4
regulated,5
thirty,4
shirt,2
itchy,5
apnea,5
refused,1
loove,4
fried,3
resistance,3
include,4
sinuses,0
infection,5
proof,0
sir,0
sip,2
candles,2
blaming,6
dope,1
trynna,6
joy,1
incredible,1
tumblr,1
raining,5
fuq,0
thunder,0
overslept,2
example,6
absolute,4
hoo,4
thrones,5
bowls,4
oooh,2
robitussin,2
resetting,6
bitter,2
doors,5
wikipedia,4
smelled,4
givin,1
sleepi,3
haa,0
hat,0
guilty,6
devices,0
intend,3
stealing,3
chair,5
jerk,3
wherever,1
nonaddictive,5
thanking,6
limbs,1
twitching,0
tasted,0
cortisol,6
twin,0
straighten,5
antihistamine,0
starving,1
tart,1
substance,0
pics,1
tramadol,0
sucked,3
status,6
police,0
blues,5
virus,3
cover,4
sea,6
rite,1
hydrocodone,6
kombucha,1
posted,0
faded,2
raging,6
niquil,2
dislike,6
consistently,3
animal,4
degrees,4
decaf,6
autistic,4
hilarious,6
craving,0
stars,0
ltheanine,6
guessing,0
packet,2
preworkout,5
ultra,3
nvm,5
nurses,1
suppress,3
ghost,5
rule,1
negative,6
stimulate,6
band,4
pjs,2
supper,3
porn,2
seltzer,3
involving,1
toilet,6
cow,0
beloved,0
attacked,1
skipping,0
nip,5
spread,1
purple,2
dilemma,4
float,5
religiously,0
vegas,0
gut,6
market,0
wonderfully,1
niggas,0
sicklecell,1
typical,0
nod,2
argh,0
melly,3
directly,0
gotcha,4
ltryptophan,2
recover,4
snorting,2
typically,3
treatment,5
nowadays,3
log,0
jacked,6
nerd,5
peak,5
mph,2
blackout,5
excess,1
yummy,0
contains,5
sneak,4
unhealthy,3
relate,4
banana,5
milligram,2
grew,1
lit,2
alka,2
hyped,2
likes,0
accidently,1
nvr,3
rolls,1
stumbling,0
booty,2
sleepproblems,1
route,1
timed,3
playlist,3
contain,6
minds,0
generic,6
buzz,4
library,2
artificial,5
choked,5
cruel,0
stories,6
haze,2
fantastic,0
create,2
crew,0
bone,6
vote,1
boyfriends,4
idol,5
mcg,4
butter,6
aside,3
shoulder,5
yelling,1
meow,4
bedside,0
addy,0
verge,2
sharing,1
germs,5
arrive,3
pink,5
main,3
smiles,6
eyed,6
camper,5
passout,6
label,5
chews,1
snorted,6
tour,1
valerians,1
moi,1
shrugs,2
fellow,1
fill,2
emily,2
soda,1
speech,1
upping,4
benefits,5
muscles,4
fans,5
pisses,6
dropping,4
gas,1
tolerate,6
aches,0
rules,0
chemistry,3
hallucinations,6
candle,5
hoped,5
uncomfortable,0
named,3
decrease,5
vividly,0
resorting,5
toddler,0
warned,3
matt,6
electronics,2
everynight,4
lover,2
glorious,3
hoe,6
general,6
multi,5
flew,1
seizure,4
ttyl,0
whatsoever,1
rise,0
settled,5
asses,4
jumping,3
midnite,1
confuse,0
gon,5
licorice,5
murder,6
lbs,3
rat,1
radio,5
finger,3
bees,0
sched,1
ditto,4
hung,5
stressful,1
entertain,5
exams,6
inducing,2
andd,5
conversations,0
nodding,3
theory,4
require,5
multiple,1
urgh,3
convos,1
lifes,0
direction,0
convo,6
violent,1
rose,0
schedules,6
oddly,6
joking,5
rubbed,0
separate,1
songs,2
firstworldproblems,4
return,6
sucking,5
wondered,5
teach,3
adderal,5
dissolved,2
hip,0
bark,4
sedate,3
baseball,5
dmt,3
wierd,0
ignore,6
tends,6
xoxo,0
warning,4
advilpm,4
pushing,1
suggests,3
slightest,4
hahahahaha,1
women,2
tag,6
cupboard,2
champ,5
hence,6
chances,5
agreed,3
closer,0
student,4
heavily,4
growth,5
leaf,5
ripped,1
universe,3
junk,1
disturb,6
probiotic,2
specialist,0
replace,5
rls,2
shrug,5
wins,5
atm,6
nightstand,5
master,0
tech,0
hazy,6
rice,0
greens,1
nicely,3
respond,6
logic,5
spit,0
calcium,2
split,0
greys,2
alice,1
steps,4
ole,0
avail,2
timezone,6
vet,0
accomplish,0
subway,0
effing,1
ineffective,1
bloody,5
loving,0
dosing,5
swollen,6
regulates,4
thumb,5
lowkey,0
damned,0
sam,4
babysit,6
suppressed,6
cramps,1
west,2
viagra,3
cigarettes,5
yayy,5
mass,4
adam,5
totes,3
harry,5
sync,3
smartest,4
substances,6
mehh,4
gallon,5
dress,4
attitude,3
sauce,6
retainer,5
spaghetti,0
impact,2
sayin,1
sleepingproblems,4
sunny,3
sec,1
popcorn,4
kelly,5
curious,4
spending,0
lovelies,0
texted,3
scratch,3
torture,6
tru,2
sweats,1
bestfriends,0
bird,5
led,6
insulin,5
opinion,4
midday,3
snake,5
david,4
pudding,0
blown,5
soothing,2
painful,4
rpond,4
gently,5
bourbon,2
bothering,3
clocks,0
wet,0
checking,3
woohoo,6
lifestyle,5
smooth,4
convince,0
details,3
drinkin,4
tickle,0
shitload,1
casually,5
callin,0
melted,2
benmarks,3
bra,2
award,0
recovery,4
suing,1
wknd,0
toddy,5
acupuncture,1
standard,4
sub,2
deepest,5
stinks,2
cod,3
conk,2
thyroid,0
sends,5
prayer,5
physical,5
zonk,0
brown,6
blast,3
gun,2
discover,0
fortunately,4
indeed,3
discuss,5
smfh,4
silent,5
remotely,3
angel,2
michelle,4
aunts,5
snapchat,1
sadness,5
tomorrows,0
loll,2
inspired,1
nonhabit,5
history,6
rude,3
egg,3
ffs,1
bcuz,1
held,6
vomit,4
timeline,5
sarah,2
station,2
boredom,5
stp,2
kay,6
workouts,0
horrid,6
guide,4
nightt,3
plugs,2
popular,2
fibromyalgia,3
russian,0
similar,1
drag,0
delivery,1
tweeted,3
kitty,2
boots,0
insomniasucks,5
poetry,0
imbalance,5
sword,6
auto,5
florida,1
sheesh,6
swapped,1
wrapped,1
lux,2
luc,1
shoulders,5
novel,0
loss,0
tissues,5
beats,5
talkin,2
chemist,4
aides,4
captain,3
quill,1
pancakes,3
loong,6
valarian,1
twisted,3
hadnt,4
laureline,1
sees,5
doh,4
lyrics,0
coast,6
bah,1
coconut,3
basis,5
chilling,6
euthanasia,4
unicorn,1
smdh,5
changes,5
kalms,1
nevermind,3
lies,4
covers,4
suffered,3
french,2
congestion,5
battling,2
bow,0
olive,5
agent,5
pumping,3
caffiene,1
winding,5
therapist,4
canibus,1
seat,2
dramatic,1
decently,3
cayenne,2
insomnias,3
fricken,0
spice,3
dollar,5
mornin,6
bestie,6
strung,5
zonked,4
recall,6
den,1
blacked,3
kod,6
park,0
woops,6
lion,4
tgif,5
bill,0
fuk,3
purpose,2
adjusting,1
planes,3
curl,3
strep,6
access,6
nonexistent,5
packing,1
healing,5
resets,4
showering,5
lamp,1
bueno,6
lecture,3
heh,4
satan,3
exists,5
deliver,2
swim,4
comment,5
pouring,4
nosleepforme,4
barking,3
field,0
gma,5
fyi,1
coulda,6
pepper,3
chatting,5
editing,6
shooting,2
dressed,6
nail,5
christ,0
poison,4
shook,6
enter,3
hopeless,0
earth,1
chewed,5
mixture,4
binge,4
bible,1
brutal,5
wound,3
ocean,1
incapable,6
dopamine,6
breaks,6
specific,4
successfully,4
corn,6
twitch,6
motion,1
picture,2
turnup,0
younger,5
substitute,5
prescriptions,3
sleepwalk,5
dropper,1
overall,0
drained,6
lonely,3
antihistamines,6
george,6
sleepingprobs,0
tingling,6
cuddles,2
cope,2
cards,0
pro,0
mates,0
readjust,6
sleeplessnights,5
itt,0
berocca,2
blessing,0
punched,1
ironic,1
uhm,1
sandman,2
sanity,3
doze,6
ladies,4
ehh,2
creeping,1
synthetic,5
conflicted,6
supposedly,4
sticking,2
grabbing,0
woulda,4
bigger,4
thrown,5
cigarette,6
windows,3
traditional,3
dump,1
cheer,3
moods,6
johns,1
zzzz,5
notes,4
apt,0
taco,3
holiday,2
oranges,2
worlds,4
ktfo,4
drool,5
backfire,5
diazepam,4
sleeptime,3
mistook,5
closet,0
shoving,4
respect,5
x_x,4
lightweight,3
fkn,1
guts,0
googling,2
press,1
lean,2
murdered,0
boom,4
quadruple,4
cooking,1
china,0
magically,1
preparation,2
brings,5
dragons,0
damage,6
feedback,1
hidden,5
elavil,3
potions,0
ugghh,4
letter,3
professor,0
camp,1
bliss,0
screams,3
rolled,6
zzquill,2
pregnancy,6
dave,4
spin,6
player,4
thingy,3
clonidine,4
desire,0
dollars,2
benadryls,4
benadryll,6
proven,6
exist,6
cuddled,5
chain,1
hangovers,5
solves,3
hittin,5
buut,0
fake,1
believed,5
caution,3
blasting,0
aliens,1
formula,4
crazier,6
potter,5
spanish,5
ironically,3
blinds,0
homeopathy,5
vision,2
shoutout,0
hashtag,1
runnin,4
ambient,4
shuts,0
preventing,6
scientific,5
stone,4
survived,6
dawg,0
tricks,0
returned,6
stepdad,0
handy,5
healthier,3
ambian,1
regiment,2
teen,0
deuces,6
trade,1
pronto,3
manflu,1
gfs,0
drives,1
amped,0
guest,6
threatening,6
heaps,4
despise,4
potent,3
improved,0
connection,4
picks,0
knw,3
santa,5
span,2
addicting,4
poster,1
yelled,0
stocked,5
animals,5
indian,5
fifteen,0
resulting,6
pencil,5
rubbish,1
clients,2
pour,4
locs,3
trippiest,0
benzos,2
tied,3
borderline,0
scent,5
alopecia,0
brew,4
dependant,6
decade,1
podcast,4
ohio,4
invited,5
figures,0
labor,4
rips,4
ruins,3
digging,3
dam,0
dust,5
lest,1
moments,3
rooms,4
tmw,4
sneezed,0
biology,0
stage,5
gossip,2
daze,1
restock,2
rec,4
yard,1
coursing,5
burped,2
forth,3
comin,1
john,1
nahh,5
womp,2
cop,6
fck,1
sleepover,0
vogel,2
dumped,5
contact,5
josh,3
mayb,5
idgaf,5
prednisone,1
confusion,5
anime,6
whyd,2
evidence,3
detox,3
kitten,1
shared,0
primrose,1
tape,3
ribs,6
sweetie,5
discussion,1
cola,2
halp,4
james,0
medications,4
tingly,0
rebel,1
textbook,3
drove,0
fruity,2
offering,2
america,3
eludes,6
layin,1
horrifying,4
overrated,6
cares,4
oded,6
developing,4
cupcake,5
legitimately,0
pounds,0
hectic,1
wolf,2
assumed,3
uhoh,3
comics,6
tellin,4
referring,3
deficient,6
startin,0
fatigued,1
wacky,4
goodnite,1
event,0
dirt,1
heartbeat,1
drooling,0
mist,5
overdrive,6
quote,6
circle,4
recommendations,4
woe,4
motivation,3
skype,1
lacking,2
aye,6
adults,3
katy,4
michael,0
verdict,1
plays,1
wallet,6
eminem,3
focused,0
zopiclone,6
kidnapped,6
salad,5
halloween,0
located,5
thunderstorm,0
slide,0
oughta,2
princess,0
austin,1
defense,2
probiotics,3
kitties,3
roofies,1
tire,2
scrolling,0
sht,2
fridge,2
shh,2
humans,6
written,3
interfere,4
notcool,0
sendhelp,4
fate,3
prozac,1
lagged,0
gain,3
twist,3
whose,5
swag,4
frozen,4
suit,4
warn,1
ward,1
hatch,1
typing,0
mini,5
delusional,1
bat,6
bay,0
subject,5
yaay,4
allnatural,3
sushi,2
juss,0
theanine,4
fort,6
holla,2
stillawake,0
hurtin,5
travels,5
shave,1
fibro,5
sour,2
bites,4
nyc,1
sworn,2
mag,1
silence,0
miles,0
rachel,4
chem,6
continuous,5
mylife,3
cheesecake,1
spraying,5
gaga,4
tub,4
tuck,5
among,5
cancelled,3
flavor,5
asthma,1
nick,0
jake,5
mos,4
mon,6
hallelujah,2
fluids,2
knife,1
lasting,0
fantasy,5
spicy,5
narcotics,5
keepin,1
former,5
understanding,3
public,5
formation,2
dem,2
commercial,3
harsh,5
existence,1
harm,0
idek,6
extended,0
assist,2
pathetic,5
difficulty,6
regulation,5
toe,2
majority,5
toronto,6
jane,6
shades,1
chugged,2
semi,3
continuing,2
percocet,4
planet,1
brushing,0
groceries,0
documentary,4
korea,4
chicago,4
safer,0
lime,1
ashamed,5
account,5
stock,3
zenbev,1
junkie,2
mate,4
barley,0
pots,0
gear,3
ipad,0
enhanced,6
equal,1
hubs,2
helper,1
fucker,1
twitterverse,4
articles,3
dryer,3
classical,0
pukey,4
tomm,5
childrens,5
bum,5
partially,0
wise,1
pie,2
limited,6
hating,4
appetite,1
paris,5
pride,0
upallnight,0
glued,5
nightynight,4
swings,6
grief,1
aching,5
ultimate,5
sickle,5
nightcap,5
rant,3
fcking,5
screws,0
treats,2
flow,1
situations,1
geez,4
aand,0
jelly,6
stopping,4
seasonal,5
xbox,6
attempted,2
whee,4
tim,1
roofied,3
promoting,4
cook,3
rings,4
shrink,3
autumn,5
salts,0
acts,6
paracetamol,2
clutch,6
sprinkle,3
begun,6
amma,6
europe,5
cops,0
antianxiety,2
ideal,4
woot,0
wood,4
begging,3
regarding,0
guitar,5
poo,4
cast,3
tipsy,1
eucalyptus,2
shelf,0
slice,2
strongly,5
nucleus,6
exhausting,1
nightowl,6
siblings,1
toes,0
hannah,1
brands,3
gummys,3
justwannasleep,3
melatonind,0
